<?xml version="1.0" encoding="UTF-8"?>
<beans xmlns="http://www.springframework.org/schema/beans"
       xmlns:xsi="http://www.w3.org/2001/XMLSchema-instance"
       xsi:schemaLocation="http://www.springframework.org/schema/beans
           http://www.springframework.org/schema/beans/spring-beans.xsd">

	<!-- config06.xml -->
	
	<!-- 
		스프링 프레임워크를 사용하면
		객체의 생성부터 소멸까지 모든 일을 스프링 프레임워크에게 맡길 수 있다.
		> 객체의 생명 주기를 스프링 프레임워크가 담당한다.
		
		bean, 빈
		-> 객체(Object, Instance)
		
	 -->
	 
	 <!-- Student 클래스의 객체를 생성하기 -->
	 <bean id="s1" class="com.test.spring.di.ex06.Student"></bean>
	 
	 <!-- 
	 	생성자를 통해 객체 초기화하기
	 	- <constructor-arg>: 생성자의 매개변수를 연결해주는 역할
	  -->
	 <bean id="s2" class="com.test.spring.di.ex06.Student">
	 	<constructor-arg value="아무개"></constructor-arg>
	 	<constructor-arg value="고등학교"></constructor-arg>
	 </bean>
	 
	 <!--
	 	Setter를 통해 객체 초기화하기  
	 	- <property name="setter명" value="값">
	 -->
	 <bean id="s3" class="com.test.spring.di.ex06.Student">
	 	<property name="name" value="하하하"></property>
	 	<property name="school" value="대학교"></property>
	 </bean>
	 
	 <!-- 
	 	빈 식별자
	 	- <bean id="" name="">
	 	- id: 유일한 식별자
	 	- name: 그룹명, 별칭(Alias) -> Role(역할)
	 	
	 	Bean name 's3' is already used in this <beans> element Offending resource
	  -->
	  <bean id="s4" name="a4,aaa,test,temp" class="com.test.spring.di.ex06.Student"></bean>
	  
</beans>


























